"product-card__thumbnail href","product-card__background src","text-12-medium","text-12-book","product-card__image src","text-18-medium","ellipsis","ellipsis 2","ellipsis 3","ellipsis 4","product-card__footer src","quick-add-button__add","quick-add-button__select","product-price__prices","text-14-medium","quick-add__variant","quick-add__price","quick-add__variant 2","quick-add__price 2","quick-add__variant 3","quick-add__price 3","quick-add__variant 4","quick-add__price 4","quick-add__variant 5","quick-add__price 5","tablescraper-selected-row","quick-add__variant 6","quick-add__price 6","text-body-small"
"https://watchhouse.com/products/espresso-1kg-coffee-beans","https://watchhouse.com/cdn/shop/files/WH_Product_Background_EH.jpg?v=1776797507&width=660","Brew.","Espresso","https://watchhouse.com/cdn/shop/files/WatchHouse-Clearcut-Rituals_1kg_Set.png?v=1777359829&width=660","1829 Espresso 1kg Set.","Collection.","Rituals","Origins.","Varies","https://watchhouse.com/cdn/shop/t/221/assets/quick-add.js?v=155274711125262715871772143432","Add to cart","Select Grind.","£60.00","Select Grind.","Whole Bean","£60.00","Pour Over","£60.00","French Press","£60.00","Aeropress","£60.00","Espresso","£60.00",".product-card {
      --overlay-text-color: #000000;
    }","","",""
"https://watchhouse.com/products/espresso-bundle","https://watchhouse.com/cdn/shop/files/WH_Product_Background_EH.jpg?v=1776797507&width=660","Brew.","Espresso","https://watchhouse.com/cdn/shop/files/WatchHouse-Clearcut-1829_Espresso_Set.png?v=1777359830&width=660","1829 Espresso Set.","Collection.","Rituals","Origins.","Varies","https://watchhouse.com/cdn/shop/t/221/assets/quick-add.js?v=155274711125262715871772143432","Add to cart","Select Grind.","£36.00","Select Grind.","Whole Bean","£36.00","Pour Over","£36.00","French Press","£36.00","Aeropress","£36.00","Espresso","£36.00",".product-card {
      --overlay-text-color: #000000;
    }","","",""
"https://watchhouse.com/products/1829-espresso-x-watchhouse-monoware-mug-bundle","https://watchhouse.com/cdn/shop/files/WH_Product_Background_EH.jpg?v=1776797507&width=660","","","https://watchhouse.com/cdn/shop/files/WatchHouse-Clearcut-1829_Espreso_x_Monoware_Mug.png?v=1777359828&width=660","1829 Espresso x WatchHouse Monoware Mug Set.","Designed wtih.","Ian McIntyre","Monoware.","Matt glazed stoneware","https://watchhouse.com/cdn/shop/t/221/assets/quick-add.js?v=155274711125262715871772143432","Add to cart","Select Grind.","£32.00","Select Grind.","Whole Bean","£32.00","Pour Over","£32.00","Aeropress","£32.00","Moka Pot","£32.00","French Press","£32.00",".product-card {
      --overlay-text-color: #000000;
    }","Espresso","£32.00",""
"https://watchhouse.com/products/1829-espresso-4","https://watchhouse.com/cdn/shop/files/WH_Product_Background_EH.jpg?v=1776797507&width=660","Brew.","Espresso","https://watchhouse.com/cdn/shop/files/WatchHouse-1829_Espresso-Flat_Lay.png?v=1776800924&width=660","1829 Espresso.","Tasting Notes.","Orange, Caramel, Milk Chocolate","Origin.","Peru","https://watchhouse.com/cdn/shop/t/221/assets/quick-add.js?v=155274711125262715871772143432","Add to cart","Select Grind.","£12.00","Select Grind.","Whole Bean","£12.00","French Press","£12.00","Aeropress","£12.00","v60","£12.00","Kalita Wave","£12.00",".product-card {
      --overlay-text-color: #000000;
    }","Moka Pot","£12.00",""
"https://watchhouse.com/products/1829-x-watchhouse-kinto-travel-tumbler","https://watchhouse.com/cdn/shop/files/WH_Product_Background_EH.jpg?v=1776797507&width=660","","","https://watchhouse.com/cdn/shop/files/WatchHouse-1829_Espresso_x_Kinto_Travel_Tumbler-Flat_Lay.png?v=1776800930&width=660","1829 Espresso. x WatchHouse Kinto Travel Tumbler Set.","Coffee.","1829 Espresso.","Origin.","Varies","https://watchhouse.com/cdn/shop/t/221/assets/quick-add.js?v=155274711125262715871772143432","Add to cart","Select Grind.","£42.00","Select Grind.","Whole Bean","£42.00","Pour Over","£42.00","Aeropress","£42.00","Moka Pot","£42.00","French Press","£42.00",".product-card {
      --overlay-text-color: #000000;
    }","Espresso","£42.00",""
"https://watchhouse.com/products/acaia-pearl-coffee-scales","https://watchhouse.com/cdn/shop/files/WH_Product_Background_EH.jpg?v=1776797507&width=660","","","https://watchhouse.com/cdn/shop/files/WatchHouse-Clearcut-Acaia_Pearl_Scales.png?v=1777359828&width=660","Acaia Pearl Coffee Scales.","Model.","AP007 / AP008 / AP009","Dimensions.","W: 160mm L: 160mm H: 32mm","https://watchhouse.com/cdn/shop/t/221/assets/quick-add.js?v=155274711125262715871772143432","Add to cart","Select Title.","£170.00","","","","","","","","","","","",".product-card {
      --overlay-text-color: #000000;
    }","","",""
"https://watchhouse.com/products/aeropress-papers","https://watchhouse.com/cdn/shop/files/WH_Product_Background_EH.jpg?v=1776797507&width=660","","","https://watchhouse.com/cdn/shop/files/WatchHouse-Clearcut-Aeropress_Filter_Papers.png?v=1777359824&width=660","Aeropress Papers.","Paper.","350 micro-filters","Brewer.","AeroPress","https://watchhouse.com/cdn/shop/t/221/assets/quick-add.js?v=155274711125262715871772143432","Add to cart","Select Title.","£8.00","","","","","","","","","","","",".product-card {
      --overlay-text-color: #000000;
    }","","",""
"https://watchhouse.com/products/aeropress-x-sibarist-disc-63-papers","https://watchhouse.com/cdn/shop/files/WH_Product_Background_EH.jpg?v=1776797507&width=660","","","https://watchhouse.com/cdn/shop/files/WatchHouse-Clearcut-Sibarist_x_Aeropress.png?v=1777359829&width=660","Aeropress x Sibarist Disc 63 Papers.","Brew type.","Immersion","Brewer.","AeroPress","https://watchhouse.com/cdn/shop/t/221/assets/quick-add.js?v=155274711125262715871772143432","Add to cart","Select Filter papers..","£49.00","Select Filter papers..","25 pack","£49.00","100 pack","£63.00","","","","","","",".product-card {
      --overlay-text-color: #000000;
    }","","","From"
"https://watchhouse.com/products/aeropress","https://watchhouse.com/cdn/shop/files/WH_Product_Background_EH.jpg?v=1776797507&width=660","","","https://watchhouse.com/cdn/shop/files/WatchHouse-Clearcut-Aeropress.png?v=1777359827&width=660","AeroPress.","Paper.","100 micro-filters","Stirrer.","Perfect length for the AeroPress","https://watchhouse.com/cdn/shop/t/221/assets/quick-add.js?v=155274711125262715871772143432","Add to cart","Select Title.","£35.00","","","","","","","","","","","",".product-card {
      --overlay-text-color: #000000;
    }","","",""
"https://watchhouse.com/products/alessi-capsule-crusher","https://watchhouse.com/cdn/shop/files/WH_Product_Background_EH.jpg?v=1776797507&width=660","","","https://watchhouse.com/cdn/shop/files/WatchHouse-Clearcut-Alessi_Capsule_Crsuher.png?v=1777359829&width=660","Alessi Capsule Crusher.","Designed by.","Michele De Lucchi","Brand.","Alessi","https://watchhouse.com/cdn/shop/t/221/assets/quick-add.js?v=155274711125262715871772143432","Add to cart","Select Title.","£24.00","","","","","","","","","","","",".product-card {
      --overlay-text-color: #000000;
    }","","",""
"https://watchhouse.com/products/watch-house-pin","https://watchhouse.com/cdn/shop/files/WH_Product_Background_EH.jpg?v=1776797507&width=660","","","https://watchhouse.com/cdn/shop/files/WatchHouse-Clearcut-Bermondsey_Born_Pin.png?v=1777359821&width=660","Bermondsey Born Pin.","","","","","https://watchhouse.com/cdn/shop/t/221/assets/quick-add.js?v=155274711125262715871772143432","Add to cart","Select Title.","£5.00","","","","","","","","","","","",".product-card {
      --overlay-text-color: #000000;
    }","","",""
"https://watchhouse.com/products/discovery-bundle","https://watchhouse.com/cdn/shop/files/WH_Product_Background_EH.jpg?v=1776797507&width=660","Brew.","Filter","https://watchhouse.com/cdn/shop/files/WatchHouse-Clearcut-Discovery_Set.png?v=1777359827&width=660","Discovery Set.","Range.","Rituals, Ventures, Horizons","Origins.","Colombia, Ethiopia","https://watchhouse.com/cdn/shop/t/221/assets/quick-add.js?v=155274711125262715871772143432","Add to cart","Select Grind.","£42.00","Select Grind.","Whole Bean","£42.00","Pour Over","£42.00","French Press","£42.00","Aeropress","£42.00","Espresso","£42.00",".product-card {
      --overlay-text-color: #000000;
    }","","",""
"https://watchhouse.com/products/horizons-filter","https://watchhouse.com/cdn/shop/files/WH_Product_Background_EH.jpg?v=1776797507&width=660","Brew.","Filter","https://watchhouse.com/cdn/shop/files/FaustinoFlores.png?v=1778250000&width=660","Faustino Flores.","Notes.","Blueberry, Green Apple, Milk Chocolate","Origin.","Peru","https://watchhouse.com/cdn/shop/t/221/assets/quick-add.js?v=155274711125262715871772143432","Add to cart","Select grind.","£16.00","Select grind.","Whole Bean","£16.00","French Press","£16.00","Aeropress","£16.00","Pour Over (V60 | Chemex)","£16.00","Espresso","£16.00",".product-card {
      --overlay-text-color: #000000;
    }","Moka Pot","£16.00",""
"https://watchhouse.com/products/fellow-atmos-canister","https://watchhouse.com/cdn/shop/files/WH_Product_Background_EH.jpg?v=1776797507&width=660","","","https://watchhouse.com/cdn/shop/files/WatchHouse-Clearcut-Fellow_Atmos_Canister.png?v=1777359829&width=660","Fellow Atmos Canister.","Colour.","Matte Black","Lid.","Manual","https://watchhouse.com/cdn/shop/t/221/assets/quick-add.js?v=155274711125262715871772143432","Add to cart","Select Title.","£45.00","","","","","","","","","","","",".product-card {
      --overlay-text-color: #000000;
    }","","",""
"https://watchhouse.com/products/fellow-clara-french-press","https://watchhouse.com/cdn/shop/files/WH_Product_Background_EH.jpg?v=1776797507&width=660","","","https://watchhouse.com/cdn/shop/files/WatchHouse-Clearcut-Fellow_Clara_French_Press.png?v=1777359829&width=660","Fellow Clara French Press.","Colour.","Matte Black","Capacity.","24 oz","https://watchhouse.com/cdn/shop/t/221/assets/quick-add.js?v=155274711125262715871772143432","Add to cart","Select Title.","£100.00","","","","","","","","","","","",".product-card {
      --overlay-text-color: #000000;
    }","","",""
"https://watchhouse.com/products/rituals-filter","https://watchhouse.com/cdn/shop/files/WH_Product_Background_EH.jpg?v=1776797507&width=660","Brew.","Filter","https://watchhouse.com/cdn/shop/files/GregorioEspinozaObata.png?v=1778250706&width=660","Gregorio Espinoza Red Obata.","Notes.","Dark Chocolate, Raspberry, Caramel","Origin.","Peru","https://watchhouse.com/cdn/shop/t/221/assets/quick-add.js?v=155274711125262715871772143432","Add to cart","Select Grind.","£12.00","Select Grind.","Whole Bean","£12.00","French Press","£12.00","Aeropress","£12.00","Pour Over (v60 | Chemex)","£12.00","Espresso","£12.00",".product-card {
      --overlay-text-color: #000000;
    }","Moka Pot","£12.00",""
"https://watchhouse.com/products/horizons-1kg-set","https://watchhouse.com/cdn/shop/files/WH_Product_Background_EH.jpg?v=1776797507&width=660","","","https://watchhouse.com/cdn/shop/files/WatchHouse-Clearcut-Horizons_1kg_Set.png?v=1777359829&width=660","Horizons 1kg Set.","Range.","Horizons","Origins.","Varies","https://watchhouse.com/cdn/shop/t/221/assets/quick-add.js?v=155274711125262715871772143432","Add to cart","Select Grind.","£75.00","Select Grind.","Whole Bean","£75.00","French Press","£75.00","Aeropress","£75.00","Pour Over","£75.00","Espresso","£75.00",".product-card {
      --overlay-text-color: #000000;
    }","Moka Pot","£75.00",""
"https://watchhouse.com/products/horizons-pods","https://watchhouse.com/cdn/shop/files/WH_Product_Background_EH.jpg?v=1776797507&width=660","","","https://watchhouse.com/cdn/shop/files/WatchHouse-Clearcut-Horizons_coffee_pods.png?v=1777359827&width=660","Horizons Pods.","Tasting Notes.","Purple Grape, Wine Gums, Tropical","Origin.","China","https://watchhouse.com/cdn/shop/t/221/assets/quick-add.js?v=155274711125262715871772143432","Add to cart","Select Size.","£24.00","Select Size.","30","£24.00","60","£48.00","90","£72.00","120","£96.00","","",".product-card {
      --overlay-text-color: #000000;
    }","","","From"
"https://watchhouse.com/products/horizons-subscription","https://watchhouse.com/cdn/shop/files/WH_Product_Background_EH.jpg?v=1776797507&width=660","Brew.","Filter","https://watchhouse.com/cdn/shop/files/WatchHouse-Clearcut-Horizons_Subscription.png?v=1777359827&width=660","Horizons Subscription.","Origin.","Various","Notes.","Seasonal","https://watchhouse.com/cdn/shop/t/221/assets/quick-add.js?v=155274711125262715871772143432","Add to cart","Select Grind.","£14.40","Select Grind.","Whole Bean","£14.40","French Press","£14.40","Aeropress","£14.40","Pour Over (V60 | Chemex)","£14.40","Espresso","£14.40",".product-card {
      --overlay-text-color: #000000;
    }","Moka Pot","£14.40",""
"https://watchhouse.com/products/kinto-server","https://watchhouse.com/cdn/shop/files/WH_Product_Background_EH.jpg?v=1776797507&width=660","","","https://watchhouse.com/cdn/shop/files/WatchHouse-Clearcut-Kinto_Coffee_Server.png?v=1777359828&width=660","Kinto Coffee Server.","Feature.","Heat-resistant glass","Capacity.","300ml","https://watchhouse.com/cdn/shop/t/221/assets/quick-add.js?v=155274711125262715871772143432","Add to cart","Select Title.","£18.00","","","","","","","","","","","",".product-card {
      --overlay-text-color: #000000;
    }","","",""
"https://watchhouse.com/products/kinto-travel-tumbler","https://watchhouse.com/cdn/shop/files/WH_Product_Background_EH.jpg?v=1776797507&width=660","","","https://watchhouse.com/cdn/shop/files/WatchHouse-Clearcut-Kinto_Tumbler.png?v=1777359827&width=660","Kinto Travel Tumbler.","Capacity.","360ml / 12oz","Weight.","281g","https://watchhouse.com/cdn/shop/t/221/assets/quick-add.js?v=155274711125262715871772143432","Add to cart","Select Title.","£35.00","","","","","","","","","","","",".product-card {
      --overlay-text-color: #000000;
    }","","",""
"https://watchhouse.com/products/miruku-matcha-watchhouse-x-monoware-mug","https://watchhouse.com/cdn/shop/files/WH_Product_Background_EH.jpg?v=1776797507&width=660","","","https://watchhouse.com/cdn/shop/files/WatchHouse-Clearcut-Miruku_Matcha_x_Monoware_Mug.png?v=1777359827&width=660","Miruku Matcha & WatchHouse x Monoware Mug","Tasting notes.","Salted Caramel, Green Bean, Elderflower","Origin.","Uji, Kyoto, Japan","https://watchhouse.com/cdn/shop/t/221/assets/quick-add.js?v=155274711125262715871772143432","Add to cart","Select Title.","£64.00","","","","","","","","","","","",".product-card {
      --overlay-text-color: #000000;
    }","","",""
"https://watchhouse.com/products/miruku-matcha","https://watchhouse.com/cdn/shop/files/WH_Product_Background_EH.jpg?v=1776797507&width=660","","","https://watchhouse.com/cdn/shop/files/WatchHouse-Clearcut-Miruku_Matcha.png?v=1777359826&width=660","Miruku Matcha.","Tasting notes.","Salted Caramel, Green Bean, Elderflower","Origin.","Uji, Kyoto, Japan","https://watchhouse.com/cdn/shop/t/221/assets/quick-add.js?v=155274711125262715871772143432","Add to cart","Select Title.","£55.00","","","","","","","","","","","",".product-card {
      --overlay-text-color: #000000;
    }","","",""
"https://watchhouse.com/products/mizu-matcha-watchhouse-x-monoware-mug","https://watchhouse.com/cdn/shop/files/WH_Product_Background_EH.jpg?v=1776797507&width=660","","","https://watchhouse.com/cdn/shop/files/WatchHouse-Clearcut-Mizu_Matcha_x_Monoware_Mug.png?v=1777359827&width=660","Mizu Matcha & WatchHouse x Monoware Mug.","Tasting Notes.","Roasted Chestnut, Rich Umami, Sweet Kombu","Origin.","Kyoto, Japan","https://watchhouse.com/cdn/shop/t/221/assets/quick-add.js?v=155274711125262715871772143432","Add to cart","Select Title.","£48.00","","","","","","","","","","","",".product-card {
      --overlay-text-color: #000000;
    }","","",""
"https://watchhouse.com/products/mizu-matcha","https://watchhouse.com/cdn/shop/files/WH_Product_Background_EH.jpg?v=1776797507&width=660","","","https://watchhouse.com/cdn/shop/files/WatchHouse-Clearcut-Miza_Matcha.png?v=1777359824&width=660","Mizu Matcha.","Tasting notes.","Roasted Chestnut, Rich Umami, Sweet Kombu","Origin.","Kyoto, Japan","https://watchhouse.com/cdn/shop/t/221/assets/quick-add.js?v=155274711125262715871772143432","Add to cart","Select Title.","£27.00","","","","","","","","","","","",".product-card {
      --overlay-text-color: #000000;
    }","","",""
"https://watchhouse.com/products/nitro-cold-brew","https://watchhouse.com/cdn/shop/files/WH_Product_Background_EH.jpg?v=1776797507&width=660","","","https://watchhouse.com/cdn/shop/files/WatchHouse-Clearcut-Nitro_Cold_Brew.png?v=1777359829&width=660","Nitro Cold Brew.","Tasting notes.","Floral, Pear, Raspberry","Origin.","Ethiopia","https://watchhouse.com/cdn/shop/t/221/assets/quick-add.js?v=155274711125262715871772143432","Add to cart","Select Title.","£20.00","","","","","","","","","","","",".product-card {
      --overlay-text-color: #000000;
    }","","",""
"https://watchhouse.com/products/orea-v4-brewer-x-sibarist-wave-papers","https://watchhouse.com/cdn/shop/files/WH_Product_Background_EH.jpg?v=1776797507&width=660","","","https://watchhouse.com/cdn/shop/files/WatchHouse-Clearcut-Sibarist_x_Orea_V4.png?v=1777359827&width=660","Orea V4 Brewer x Sibarist Wave Papers.","Brew type.","Pour over","Model.","V4","https://watchhouse.com/cdn/shop/t/221/assets/quick-add.js?v=155274711125262715871772143432","Add to cart","Select Filter papers..","£70.00","Select Filter papers..","25 pack","£70.00","100 pack","£88.00","","","","","","",".product-card {
      --overlay-text-color: #000000;
    }","","","From"
"https://watchhouse.com/products/paramo-decaf","https://watchhouse.com/cdn/shop/files/WH_Product_Background_EH.jpg?v=1776797507&width=660","Brew.","Espresso","https://watchhouse.com/cdn/shop/files/WatchHouse-Clearcut-Rituals_Susbcription.png?v=1777359827&width=660","Páramo Decaf.","Tasting notes.","Caramel, Yellow Apple, Green Grape","Origin.","Colombia","https://watchhouse.com/cdn/shop/t/221/assets/quick-add.js?v=155274711125262715871772143432","Add to cart","Select grind.","£12.00","Select grind.","Whole bean","£12.00","French press","£12.00","Aeropress","£12.00","Pour over (V60 | Chemex)","£12.00","Moka Pot","£12.00",".product-card {
      --overlay-text-color: #000000;
    }","Espresso","£12.00",""
"https://watchhouse.com/products/pods-mixed","https://watchhouse.com/cdn/shop/files/WH_Product_Background_EH.jpg?v=1776797507&width=660","","","https://watchhouse.com/cdn/shop/files/WatchHouse-Clearcut-Pods_Mixed_Set.png?v=1777359831&width=660","Pods | Mixed Set","Compatibility.","Nespresso®","Included.","10 Rituals, Ventures and Horizons pods","https://watchhouse.com/cdn/shop/t/221/assets/quick-add.js?v=155274711125262715871772143432","Add to cart","Select Size.","£21.00","Select Size.","30","£21.00","60","£42.00","90","£63.00","120","£84.00","","",".product-card {
      --overlay-text-color: #000000;
    }","","","From"
"https://watchhouse.com/products/rituals-1kg-set","https://watchhouse.com/cdn/shop/files/WH_Product_Background_EH.jpg?v=1776797507&width=660","Brew.","Filter","https://watchhouse.com/cdn/shop/files/WatchHouse-Clearcut-Rituals_1kg_Set.png?v=1777359829&width=660","Rituals 1kg Set.","Range.","Rituals","Origins.","Varies","https://watchhouse.com/cdn/shop/t/221/assets/quick-add.js?v=155274711125262715871772143432","Add to cart","Select Grind.","£60.00","Select Grind.","Whole Bean","£60.00","Pour Over","£60.00","French Press","£60.00","Aeropress","£60.00","Espresso","£60.00",".product-card {
      --overlay-text-color: #000000;
    }","","",""
"","","","","","Tools for the trade.","","","","","","","","","","","","","","","","","","","","","","",""
"https://watchhouse.com/products/rituals-pods","https://watchhouse.com/cdn/shop/files/WH_Product_Background_EH.jpg?v=1776797507&width=660","","","https://watchhouse.com/cdn/shop/files/WatchHouse-Clearcut-Rituals_coffee_pods.png?v=1777359828&width=660","Rituals Pods.","Tasting Notes.","Almond, Milk Chocolate, Cherry","Origin.","Guatemala","https://watchhouse.com/cdn/shop/t/221/assets/quick-add.js?v=155274711125262715871772143432","Add to cart","Select Size.","£18.00","Select Size.","30","£18.00","60","£36.00","90","£54.00","120","£72.00","","",".product-card {
      --overlay-text-color: #000000;
    }","","","From"
"https://watchhouse.com/products/rituals-subscription","https://watchhouse.com/cdn/shop/files/WH_Product_Background_EH.jpg?v=1776797507&width=660","Brew.","Filter","https://watchhouse.com/cdn/shop/files/WatchHouse-Clearcut-Rituals_Susbcription.png?v=1777359827&width=660","Rituals Subscription.","Origin.","Various","Notes.","Seasonal","https://watchhouse.com/cdn/shop/t/221/assets/quick-add.js?v=155274711125262715871772143432","Add to cart","Select Grind.","£10.80","Select Grind.","Whole Bean","£10.80","French Press","£10.80","Aeropress","£10.80","Pour Over (V60 | Chemex)","£10.80","Espresso","£10.80",".product-card {
      --overlay-text-color: #000000;
    }","Moka Pot","£10.80",""
"https://watchhouse.com/products/roasters-spotlight","https://watchhouse.com/cdn/shop/files/WH_Product_Background_EH.jpg?v=1776797507&width=660","","","https://watchhouse.com/cdn/shop/files/RoasterSpotlight.gif?v=1774267248&width=660","Roaster's Spotlight Subscription.","Origin.","Various","Notes.","Seasonal","https://watchhouse.com/cdn/shop/t/221/assets/quick-add.js?v=155274711125262715871772143432","Add to cart","Select Grind.","£13.50","Select Grind.","Whole Bean","£13.50","French Press","£13.50","Aeropress","£13.50","Kalita Wave","£13.50","v60","£13.50",".product-card {
      --overlay-text-color: #000000;
    }","Moka Pot","£13.50",""
"https://watchhouse.com/products/sibarist-disc-63-fast","https://watchhouse.com/cdn/shop/files/WH_Product_Background_EH.jpg?v=1776797507&width=660","","","https://watchhouse.com/cdn/shop/files/WatchHouse-Clearcut-Sibairst_Disc_63_Papers.png?v=1777359824&width=660","Sibarist Disc 63 FAST.","","","","","https://watchhouse.com/cdn/shop/t/221/assets/quick-add.js?v=155274711125262715871772143432","Add to cart","Select Quantity.","£14.00","Select Quantity.","25 papers","£14.00","100 papers","£28.00","","","","","","",".product-card {
      --overlay-text-color: #000000;
    }","","","From"
"https://watchhouse.com/products/sibarist-wave-fast-s-m-filters","https://watchhouse.com/cdn/shop/files/WH_Product_Background_EH.jpg?v=1776797507&width=660","","","https://watchhouse.com/cdn/shop/files/WatchHouse-Clearcut-Sibarist_Wave_FAST_papers_2fffa43f-6a7e-4096-8f80-f9f3f6fb9771.png?v=1778078728&width=660","Sibarist Wave FAST - S/M.","","","","","https://watchhouse.com/cdn/shop/t/221/assets/quick-add.js?v=155274711125262715871772143432","Add to cart","Select Quantity.","£15.00","Select Quantity.","25 papers","£15.00","100 papers","£33.00","","","","","","",".product-card {
      --overlay-text-color: #000000;
    }","","","From"
"https://watchhouse.com/products/the-coffee-storage-set","https://watchhouse.com/cdn/shop/files/WH_Product_Background_EH.jpg?v=1776797507&width=660","","","https://watchhouse.com/cdn/shop/files/WatchHouse-Clearcut-Coffee_Storage_Set.png?v=1777359828&width=660","The Coffee Storage Set.","Coffee.","Varies","Origin.","Varies","https://watchhouse.com/cdn/shop/t/221/assets/quick-add.js?v=155274711125262715871772143432","Add to cart","Select option.","£50.00","Select option.","1829 Espresso / Whole Bean","£50.00","1829 Espresso / Drip","£50.00","1829 Espresso / Espresso","£50.00","1829 Espresso / French Press","£50.00","Páramo Decaf / Whole Bean","£50.00",".product-card {
      --overlay-text-color: #000000;
    }","Páramo Decaf / Drip","£50.00","From"
"https://watchhouse.com/products/the-foundation-set","https://watchhouse.com/cdn/shop/files/WH_Product_Background_EH.jpg?v=1776797507&width=660","","","https://watchhouse.com/cdn/shop/files/WatchHouse-Clearcut-Foundation_Set.png?v=1777359829&width=660","The Foundation Set.","Grinder.","Comandante C40 MK4 Grinder","Drinkware.","Monoware","https://watchhouse.com/cdn/shop/t/221/assets/quick-add.js?v=155274711125262715871772143432","Add to cart","Select Title.","£350.00","","","","","","","","","","","",".product-card {
      --overlay-text-color: #000000;
    }","","",""
"https://watchhouse.com/products/the-house-press-set","https://watchhouse.com/cdn/shop/files/WH_Product_Background_EH.jpg?v=1776797507&width=660","","","https://watchhouse.com/cdn/shop/files/WatchHouse-Clearcut-House_Press_Set.png?v=1777359829&width=660","The House Press Set.","French Press.","Fellow","Drinkware.","Monoware","https://watchhouse.com/cdn/shop/t/221/assets/quick-add.js?v=155274711125262715871772143432","Add to cart","Select Grind.","£130.00","Select Grind.","Whole Bean","£130.00","French Press","£130.00","","","","","","",".product-card {
      --overlay-text-color: #000000;
    }","","",""
"https://watchhouse.com/products/the-modern-filter-set","https://watchhouse.com/cdn/shop/files/WH_Product_Background_EH.jpg?v=1776797507&width=660","","","https://watchhouse.com/cdn/shop/files/WatchHouse-Clearcut-Modern_Filter_Set.png?v=1777359830&width=660","The Modern Filter Set.","Brewer.","Orea V4","Filter Papers.","Sibarist FAST","https://watchhouse.com/cdn/shop/t/221/assets/quick-add.js?v=155274711125262715871772143432","Add to cart","Select option.","£90.00","Select option.","1829 Espresso / Whole Bean","£90.00","1829 Espresso / Drip","£90.00","Páramo Decaf / Whole Bean","£90.00","Páramo Decaf / Drip","£90.00","Espresso / Whole Bean","£90.00",".product-card {
      --overlay-text-color: #000000;
    }","Espresso / Drip","£90.00","From"
"https://watchhouse.com/products/the-pod-storage-set","https://watchhouse.com/cdn/shop/files/WH_Product_Background_EH.jpg?v=1776797507&width=660","","","https://watchhouse.com/cdn/shop/files/WatchHouse-Clearcut-Pod_Storage_Set.png?v=1777359829&width=660","The Pod Storage Set.","Canister size.","1.2L","Colour.","Matte black","https://watchhouse.com/cdn/shop/t/221/assets/quick-add.js?v=155274711125262715871772143432","Add to cart","Select Collection.","£50.00","Select Collection.","Rituals","£50.00","Ventures","£55.00","Horizons","£60.00","Mixed Set","£65.00","","",".product-card {
      --overlay-text-color: #000000;
    }","","","From"
"https://watchhouse.com/products/travellers-box","https://watchhouse.com/cdn/shop/files/WH_Product_Background_EH.jpg?v=1776797507&width=660","","","https://watchhouse.com/cdn/shop/files/WatchHouse-Clearcut-Travellers_Set.png?v=1777359829&width=660","Traveller's Set.","Coffee Maker.","AeroPress","Travel Tumbler.","Kinto","https://watchhouse.com/cdn/shop/t/221/assets/quick-add.js?v=155274711125262715871772143432","Add to cart","Select Grind.","£60.00","Select Grind.","Whole bean","£60.00","Aeropress","£60.00","","","","","","",".product-card {
      --overlay-text-color: #000000;
    }","","",""
"https://watchhouse.com/products/single-origin-espresso","https://watchhouse.com/cdn/shop/files/WH_Product_Background_EH.jpg?v=1776797507&width=660","Brew.","Espresso","https://watchhouse.com/cdn/shop/files/WatchHouse-Clearcut-Single_Origin_Turihamwe.png?v=1777359827&width=660","Turihamwe.","Notes.","Honey, Peach, Darjeeling Tea","Origin.","Burundi","https://watchhouse.com/cdn/shop/t/221/assets/quick-add.js?v=155274711125262715871772143432","Add to cart","Select Grind.","£12.00","Select Grind.","Whole Bean","£12.00","French Press","£12.00","Aeropress","£12.00","Pour Over (v60 | Chemex)","£12.00","Espresso","£12.00",".product-card {
      --overlay-text-color: #000000;
    }","Moka Pot","£12.00",""
"https://watchhouse.com/products/v60-filter-papers","https://watchhouse.com/cdn/shop/files/WH_Product_Background.jpg?v=1775070812&width=660","","","https://watchhouse.com/cdn/shop/files/WatchHouse-Clearcut-V60_filter_papers.png?v=1777359829&width=660","V60 Filter Papers.","","","","","https://watchhouse.com/cdn/shop/t/221/assets/quick-add.js?v=155274711125262715871772143432","Add to cart","Select Title.","£7.00","","","","","","","","","","","",".product-card {
      --overlay-text-color: #000000;
    }","","",""
"https://watchhouse.com/products/ventures-1kg-set","https://watchhouse.com/cdn/shop/files/WH_Product_Background_EH.jpg?v=1776797507&width=660","Brew.","Filter","https://watchhouse.com/cdn/shop/files/WatchHouse-Clearcut-Ventures_1kg_Set.png?v=1777359829&width=660","Ventures 1kg Set.","Range.","Ventures","Origins.","Varies","https://watchhouse.com/cdn/shop/t/221/assets/quick-add.js?v=155274711125262715871772143432","Add to cart","Select Grind.","£65.00","Select Grind.","Whole Bean","£65.00","French Press","£65.00","Aeropress","£65.00","Pour Over","£65.00","Espresso","£65.00",".product-card {
      --overlay-text-color: #000000;
    }","Moka Pot","£65.00",""
"https://watchhouse.com/products/ventures-pods","https://watchhouse.com/cdn/shop/files/WH_Product_Background_EH.jpg?v=1776797507&width=660","","","https://watchhouse.com/cdn/shop/files/WatchHouse-Clearcut-Ventures_coffee_pods.png?v=1777359827&width=660","Ventures Pods.","Tasting Notes.","Strawberry, Nectarine, Floral","Origin.","Ethiopia","https://watchhouse.com/cdn/shop/t/221/assets/quick-add.js?v=155274711125262715871772143432","Add to cart","Select Size.","£21.00","Select Size.","30","£21.00","60","£42.00","90","£63.00","120","£84.00","","",".product-card {
      --overlay-text-color: #000000;
    }","","","From"
"https://watchhouse.com/products/ventures-subscription","https://watchhouse.com/cdn/shop/files/WH_Product_Background_EH.jpg?v=1776797507&width=660","Brew.","Filter","https://watchhouse.com/cdn/shop/files/WatchHouse-Clearcut-Ventures_Subscription.png?v=1777359827&width=660","Ventures Subscription.","Origin.","Various","Notes.","Seasonal","https://watchhouse.com/cdn/shop/t/221/assets/quick-add.js?v=155274711125262715871772143432","Add to cart","Select Grind.","£12.60","Select Grind.","Whole Bean","£12.60","French Press","£12.60","Aeropress","£12.60","Pour Over (V60 | Chemex)","£12.60","Espresso","£12.60",".product-card {
      --overlay-text-color: #000000;
    }","Moka Pot","£12.60",""
"https://watchhouse.com/products/limited-edition-grinder","https://watchhouse.com/cdn/shop/files/WH_Product_Background_EH.jpg?v=1776797507&width=660","","","https://watchhouse.com/cdn/shop/files/WatchHouse-Clearcut-Comandante.png?v=1777359828&width=660","WatchHouse Comandante C40 MK4 Grinder.","Burrs.","Nitrogen steel","Body.","Liquid Amber oak","https://watchhouse.com/cdn/shop/t/221/assets/quick-add.js?v=155274711125262715871772143432","Add to cart","Select Title.","£260.00","","","","","","","","","","","",".product-card {
      --overlay-text-color: #000000;
    }","","",""
"https://watchhouse.com/products/watchhouse-cupping-spoon","https://watchhouse.com/cdn/shop/files/WH_Product_Background_EH.jpg?v=1776797507&width=660","","","https://watchhouse.com/cdn/shop/files/WatchHouse-Clearcut-Cupping_Spoon.png?v=1777359825&width=660","WatchHouse Cupping Spoon.","Crafted by.","W. Wright","Material.","Silver plated","https://watchhouse.com/cdn/shop/t/221/assets/quick-add.js?v=155274711125262715871772143432","Add to cart","Select Title.","£12.00","","","","","","","","","","","",".product-card {
      --overlay-text-color: #000000;
    }","","",""
"https://watchhouse.com/products/watchhouse-x-jamison-savage","https://watchhouse.com/cdn/shop/files/WH_Product_Background_EH.jpg?v=1776797507&width=660","Brew.","Filter","https://watchhouse.com/cdn/shop/files/WH_Events_LCF2026_Ecom_ClearCut.png?v=1778673933&width=660","WatchHouse x Jamison Savage.","Origin.","Panama","Region.","Chiriqurí","https://watchhouse.com/cdn/shop/t/221/assets/quick-add.js?v=155274711125262715871772143432","Add to cart","Select Grind.","£39.00","Select Grind.","Whole Bean","£39.00","","","","","","","","",".product-card {
      --overlay-text-color: #000000;
    }","","",""
"https://watchhouse.com/products/watchhouse-x-monoware-mug","https://watchhouse.com/cdn/shop/files/WH_Product_Background_EH.jpg?v=1776797507&width=660","","","https://watchhouse.com/cdn/shop/files/WatchHouse-Clearcut-Monoware_Mug.png?v=1777359826&width=660","WatchHouse x Monoware Mug.","Designed with.","Ian McIntyre","Material.","Matt glazed stoneware","https://watchhouse.com/cdn/shop/t/221/assets/quick-add.js?v=155274711125262715871772143432","Add to cart","Select Title.","£22.00","","","","","","","","","","","",".product-card {
      --overlay-text-color: #000000;
    }","","",""
"https://watchhouse.com/products/watchhouse-x-orea-v4-brewer","https://watchhouse.com/cdn/shop/files/WH_Product_Background_EH.jpg?v=1776797507&width=660","","","https://watchhouse.com/cdn/shop/files/WatchHouse-Clearcut-Orea_V4_Brewer.png?v=1777359826&width=660","WatchHouse x Orea V4 Brewer.","Brew type.","Pour over","Model.","V4","https://watchhouse.com/cdn/shop/t/221/assets/quick-add.js?v=155274711125262715871772143432","Add to cart","Select Title.","£55.00","","","","","","","","","","","",".product-card {
      --overlay-text-color: #000000;
    }","","",""
"https://watchhouse.com/products/ventures-filter","https://watchhouse.com/cdn/shop/files/WH_Product_Background_EH.jpg?v=1776797507&width=660","Brew.","Filter","https://watchhouse.com/cdn/shop/files/WatchHouse-Clearcut-Ventures_Filter_Xiengkhuang_3f3a6e02-2d9e-49c2-aa85-236f9046a8a2.png?v=1778078652&width=660","Xiengkhuang.","Tasting notes.","Plum, Cherry, Mandarin","Origin.","Laos","https://watchhouse.com/cdn/shop/t/221/assets/quick-add.js?v=155274711125262715871772143432","Add to cart","Select Grind.","£14.00","Select Grind.","Whole bean","£14.00","French press","£14.00","AeroPress","£14.00","Pour over (v60 | Chemex)","£14.00","Espresso","£14.00",".product-card {
      --overlay-text-color: #000000;
    }","Moka Pot","£14.00",""